file_path,pred
0.jpg,glacier
1.jpg,street
10.jpg,glacier
100.jpg,sea
1000.jpg,buildings
1001.jpg,buildings
1002.jpg,sea
1003.jpg,sea
1004.jpg,sea
1005.jpg,street
1006.jpg,forest
1007.jpg,street
1008.jpg,street
1009.jpg,glacier
101.jpg,sea
1010.jpg,glacier
1011.jpg,street
1012.jpg,street
1013.jpg,mountain
1014.jpg,street
1015.jpg,mountain
1016.jpg,glacier
1017.jpg,mountain
1018.jpg,sea
1019.jpg,sea
102.jpg,glacier
1020.jpg,glacier
1021.jpg,street
1022.jpg,street
1023.jpg,buildings
1024.jpg,forest
1025.jpg,glacier
1026.jpg,forest
1027.jpg,forest
1028.jpg,glacier
1029.jpg,mountain
103.jpg,forest
1030.jpg,forest
1031.jpg,forest
1032.jpg,buildings
1033.jpg,buildings
1034.jpg,mountain
1035.jpg,buildings
1036.jpg,sea
1037.jpg,forest
1038.jpg,street
1039.jpg,mountain
104.jpg,buildings
1040.jpg,glacier
1041.jpg,forest
1042.jpg,mountain
1043.jpg,street
1044.jpg,buildings
1045.jpg,sea
1046.jpg,street
1047.jpg,street
1048.jpg,sea
1049.jpg,glacier
105.jpg,street
1050.jpg,sea
1051.jpg,sea
1052.jpg,glacier
1053.jpg,street
1054.jpg,glacier
1055.jpg,sea
1056.jpg,forest
1057.jpg,glacier
1058.jpg,glacier
1059.jpg,sea
106.jpg,sea
1060.jpg,glacier
1061.jpg,street
1062.jpg,sea
1063.jpg,buildings
1064.jpg,mountain
1065.jpg,forest
1066.jpg,buildings
1067.jpg,buildings
1068.jpg,forest
1069.jpg,mountain
107.jpg,mountain
1070.jpg,street
1071.jpg,mountain
1072.jpg,forest
1073.jpg,buildings
1074.jpg,forest
1075.jpg,sea
1076.jpg,street
1077.jpg,forest
1078.jpg,glacier
1079.jpg,forest
108.jpg,street
1080.jpg,sea
1081.jpg,sea
1082.jpg,glacier
1083.jpg,street
1084.jpg,sea
1085.jpg,street
1086.jpg,glacier
1087.jpg,street
1088.jpg,buildings
1089.jpg,street
109.jpg,mountain
1090.jpg,glacier
1091.jpg,buildings
1092.jpg,glacier
1093.jpg,sea
1094.jpg,mountain
1095.jpg,glacier
1096.jpg,street
1097.jpg,forest
1098.jpg,sea
1099.jpg,glacier
11.jpg,forest
110.jpg,street
1100.jpg,mountain
1101.jpg,street
1102.jpg,mountain
1103.jpg,buildings
1104.jpg,sea
1105.jpg,glacier
1106.jpg,mountain
1107.jpg,street
1108.jpg,mountain
1109.jpg,street
111.jpg,forest
1110.jpg,street
1111.jpg,glacier
1112.jpg,mountain
1113.jpg,street
1114.jpg,mountain
1115.jpg,buildings
1116.jpg,mountain
1117.jpg,glacier
1118.jpg,sea
1119.jpg,forest
112.jpg,forest
1120.jpg,mountain
1121.jpg,street
1122.jpg,glacier
1123.jpg,mountain
1124.jpg,mountain
1125.jpg,glacier
1126.jpg,forest
1127.jpg,forest
1128.jpg,sea
1129.jpg,mountain
113.jpg,glacier
1130.jpg,mountain
1131.jpg,buildings
1132.jpg,sea
1133.jpg,sea
1134.jpg,street
1135.jpg,glacier
1136.jpg,sea
1137.jpg,buildings
1138.jpg,mountain
1139.jpg,sea
114.jpg,mountain
1140.jpg,forest
1141.jpg,mountain
1142.jpg,mountain
1143.jpg,street
1144.jpg,glacier
1145.jpg,glacier
1146.jpg,forest
1147.jpg,mountain
1148.jpg,sea
1149.jpg,street
115.jpg,glacier
1150.jpg,forest
1151.jpg,sea
1152.jpg,mountain
1153.jpg,glacier
1154.jpg,forest
1155.jpg,forest
1156.jpg,sea
1157.jpg,street
1158.jpg,glacier
1159.jpg,forest
116.jpg,mountain
1160.jpg,glacier
1161.jpg,street
1162.jpg,mountain
1163.jpg,glacier
1164.jpg,mountain
1165.jpg,glacier
1166.jpg,sea
1167.jpg,mountain
1168.jpg,forest
1169.jpg,sea
117.jpg,street
1170.jpg,buildings
1171.jpg,sea
1172.jpg,forest
1173.jpg,street
1174.jpg,buildings
1175.jpg,street
1176.jpg,mountain
1177.jpg,sea
1178.jpg,mountain
1179.jpg,buildings
118.jpg,glacier
1180.jpg,buildings
1181.jpg,mountain
1182.jpg,forest
1183.jpg,street
1184.jpg,buildings
1185.jpg,glacier
1186.jpg,glacier
1187.jpg,buildings
1188.jpg,sea
1189.jpg,glacier
119.jpg,street
1190.jpg,mountain
1191.jpg,forest
1192.jpg,street
1193.jpg,street
1194.jpg,glacier
1195.jpg,sea
1196.jpg,mountain
1197.jpg,street
1198.jpg,forest
1199.jpg,street
12.jpg,mountain
120.jpg,sea
1200.jpg,street
1201.jpg,buildings
1202.jpg,glacier
1203.jpg,buildings
1204.jpg,street
1205.jpg,sea
1206.jpg,sea
1207.jpg,glacier
1208.jpg,street
1209.jpg,glacier
121.jpg,sea
1210.jpg,street
1211.jpg,glacier
1212.jpg,street
1213.jpg,mountain
1214.jpg,forest
1215.jpg,glacier
1216.jpg,buildings
1217.jpg,forest
1218.jpg,glacier
1219.jpg,mountain
122.jpg,glacier
1220.jpg,mountain
1221.jpg,mountain
1222.jpg,mountain
1223.jpg,buildings
1224.jpg,forest
1225.jpg,sea
1226.jpg,forest
1227.jpg,mountain
1228.jpg,buildings
1229.jpg,glacier
123.jpg,sea
1230.jpg,buildings
1231.jpg,sea
1232.jpg,buildings
1233.jpg,mountain
1234.jpg,mountain
1235.jpg,buildings
1236.jpg,sea
1237.jpg,forest
1238.jpg,glacier
1239.jpg,mountain
124.jpg,mountain
1240.jpg,mountain
1241.jpg,mountain
1242.jpg,sea
1243.jpg,sea
1244.jpg,sea
1245.jpg,sea
1246.jpg,sea
1247.jpg,mountain
1248.jpg,sea
1249.jpg,buildings
125.jpg,buildings
1250.jpg,sea
1251.jpg,glacier
1252.jpg,forest
1253.jpg,mountain
1254.jpg,forest
1255.jpg,sea
1256.jpg,sea
1257.jpg,forest
1258.jpg,sea
1259.jpg,sea
126.jpg,sea
1260.jpg,mountain
1261.jpg,buildings
1262.jpg,buildings
1263.jpg,forest
1264.jpg,glacier
1265.jpg,mountain
1266.jpg,forest
1267.jpg,forest
1268.jpg,forest
1269.jpg,forest
127.jpg,mountain
1270.jpg,sea
1271.jpg,street
1272.jpg,glacier
1273.jpg,street
1274.jpg,forest
1275.jpg,glacier
1276.jpg,forest
1277.jpg,forest
1278.jpg,glacier
1279.jpg,sea
128.jpg,forest
1280.jpg,forest
1281.jpg,sea
1282.jpg,mountain
1283.jpg,mountain
1284.jpg,buildings
1285.jpg,buildings
1286.jpg,sea
1287.jpg,sea
1288.jpg,buildings
1289.jpg,mountain
129.jpg,sea
1290.jpg,street
1291.jpg,mountain
1292.jpg,sea
1293.jpg,buildings
1294.jpg,mountain
1295.jpg,glacier
1296.jpg,glacier
1297.jpg,street
1298.jpg,street
1299.jpg,forest
13.jpg,buildings
130.jpg,street
1300.jpg,street
1301.jpg,mountain
1302.jpg,glacier
1303.jpg,forest
1304.jpg,street
1305.jpg,forest
1306.jpg,glacier
1307.jpg,street
1308.jpg,mountain
1309.jpg,forest
131.jpg,buildings
1310.jpg,glacier
1311.jpg,glacier
1312.jpg,glacier
1313.jpg,street
1314.jpg,forest
1315.jpg,street
1316.jpg,sea
1317.jpg,street
1318.jpg,mountain
1319.jpg,glacier
132.jpg,street
1320.jpg,street
1321.jpg,forest
1322.jpg,glacier
1323.jpg,buildings
1324.jpg,glacier
1325.jpg,sea
1326.jpg,glacier
1327.jpg,glacier
1328.jpg,street
1329.jpg,mountain
133.jpg,street
1330.jpg,glacier
1331.jpg,forest
1332.jpg,mountain
1333.jpg,forest
1334.jpg,glacier
1335.jpg,forest
1336.jpg,sea
1337.jpg,glacier
1338.jpg,buildings
1339.jpg,buildings
134.jpg,buildings
1340.jpg,street
1341.jpg,forest
1342.jpg,buildings
1343.jpg,street
1344.jpg,forest
1345.jpg,forest
1346.jpg,glacier
1347.jpg,sea
1348.jpg,sea
1349.jpg,street
135.jpg,forest
1350.jpg,mountain
1351.jpg,sea
1352.jpg,forest
1353.jpg,sea
1354.jpg,glacier
1355.jpg,forest
1356.jpg,street
1357.jpg,sea
1358.jpg,street
1359.jpg,street
136.jpg,street
1360.jpg,mountain
1361.jpg,sea
1362.jpg,sea
1363.jpg,street
1364.jpg,forest
1365.jpg,glacier
1366.jpg,glacier
1367.jpg,forest
1368.jpg,buildings
1369.jpg,forest
137.jpg,buildings
1370.jpg,sea
1371.jpg,sea
1372.jpg,buildings
1373.jpg,buildings
1374.jpg,street
1375.jpg,mountain
1376.jpg,glacier
1377.jpg,sea
1378.jpg,buildings
1379.jpg,sea
138.jpg,street
1380.jpg,street
1381.jpg,buildings
1382.jpg,mountain
1383.jpg,glacier
1384.jpg,buildings
1385.jpg,mountain
1386.jpg,mountain
1387.jpg,forest
1388.jpg,glacier
1389.jpg,street
139.jpg,mountain
1390.jpg,forest
1391.jpg,street
1392.jpg,glacier
1393.jpg,glacier
1394.jpg,forest
1395.jpg,glacier
1396.jpg,street
1397.jpg,mountain
1398.jpg,forest
1399.jpg,street
14.jpg,mountain
140.jpg,glacier
1400.jpg,forest
1401.jpg,sea
1402.jpg,buildings
1403.jpg,mountain
1404.jpg,mountain
1405.jpg,glacier
1406.jpg,glacier
1407.jpg,sea
1408.jpg,glacier
1409.jpg,glacier
141.jpg,forest
1410.jpg,street
1411.jpg,street
1412.jpg,mountain
1413.jpg,street
1414.jpg,sea
1415.jpg,sea
1416.jpg,buildings
1417.jpg,forest
1418.jpg,mountain
1419.jpg,glacier
142.jpg,buildings
1420.jpg,glacier
1421.jpg,glacier
1422.jpg,sea
1423.jpg,mountain
1424.jpg,sea
1425.jpg,street
1426.jpg,sea
1427.jpg,forest
1428.jpg,glacier
1429.jpg,glacier
143.jpg,mountain
1430.jpg,glacier
1431.jpg,sea
1432.jpg,glacier
1433.jpg,street
1434.jpg,mountain
1435.jpg,mountain
1436.jpg,mountain
1437.jpg,forest
1438.jpg,sea
1439.jpg,glacier
144.jpg,mountain
1440.jpg,street
1441.jpg,street
1442.jpg,mountain
1443.jpg,glacier
1444.jpg,mountain
1445.jpg,sea
1446.jpg,forest
1447.jpg,glacier
1448.jpg,street
1449.jpg,forest
145.jpg,glacier
1450.jpg,mountain
1451.jpg,mountain
1452.jpg,glacier
1453.jpg,sea
1454.jpg,forest
1455.jpg,glacier
1456.jpg,forest
1457.jpg,buildings
1458.jpg,sea
1459.jpg,mountain
146.jpg,glacier
1460.jpg,mountain
1461.jpg,sea
1462.jpg,sea
1463.jpg,glacier
1464.jpg,sea
1465.jpg,glacier
1466.jpg,mountain
1467.jpg,street
1468.jpg,forest
1469.jpg,mountain
147.jpg,sea
1470.jpg,glacier
1471.jpg,glacier
1472.jpg,forest
1473.jpg,sea
1474.jpg,mountain
1475.jpg,mountain
1476.jpg,mountain
1477.jpg,buildings
1478.jpg,mountain
1479.jpg,glacier
148.jpg,mountain
1480.jpg,sea
1481.jpg,forest
1482.jpg,street
1483.jpg,glacier
1484.jpg,mountain
1485.jpg,sea
1486.jpg,mountain
1487.jpg,mountain
1488.jpg,buildings
1489.jpg,buildings
149.jpg,mountain
1490.jpg,mountain
1491.jpg,sea
1492.jpg,sea
1493.jpg,street
1494.jpg,mountain
1495.jpg,glacier
1496.jpg,glacier
1497.jpg,mountain
1498.jpg,mountain
1499.jpg,glacier
15.jpg,glacier
150.jpg,mountain
1500.jpg,glacier
1501.jpg,mountain
1502.jpg,glacier
1503.jpg,mountain
1504.jpg,buildings
1505.jpg,mountain
1506.jpg,mountain
1507.jpg,forest
1508.jpg,street
1509.jpg,sea
151.jpg,glacier
1510.jpg,buildings
1511.jpg,forest
1512.jpg,forest
1513.jpg,sea
1514.jpg,buildings
1515.jpg,forest
1516.jpg,sea
1517.jpg,glacier
1518.jpg,sea
1519.jpg,street
152.jpg,street
1520.jpg,buildings
1521.jpg,glacier
1522.jpg,glacier
1523.jpg,glacier
1524.jpg,street
1525.jpg,sea
1526.jpg,mountain
1527.jpg,street
1528.jpg,mountain
1529.jpg,glacier
153.jpg,forest
1530.jpg,sea
1531.jpg,buildings
1532.jpg,buildings
1533.jpg,forest
1534.jpg,glacier
1535.jpg,forest
1536.jpg,street
1537.jpg,street
1538.jpg,glacier
1539.jpg,sea
154.jpg,glacier
1540.jpg,sea
1541.jpg,glacier
1542.jpg,forest
1543.jpg,buildings
1544.jpg,sea
1545.jpg,street
1546.jpg,buildings
1547.jpg,forest
1548.jpg,mountain
1549.jpg,street
155.jpg,street
1550.jpg,mountain
1551.jpg,forest
1552.jpg,street
1553.jpg,sea
1554.jpg,forest
1555.jpg,street
1556.jpg,sea
1557.jpg,mountain
1558.jpg,buildings
1559.jpg,buildings
156.jpg,buildings
1560.jpg,sea
1561.jpg,mountain
1562.jpg,street
1563.jpg,mountain
1564.jpg,mountain
1565.jpg,glacier
1566.jpg,buildings
1567.jpg,glacier
1568.jpg,sea
1569.jpg,forest
157.jpg,sea
1570.jpg,street
1571.jpg,sea
1572.jpg,street
1573.jpg,sea
1574.jpg,forest
1575.jpg,glacier
1576.jpg,sea
1577.jpg,sea
1578.jpg,buildings
1579.jpg,mountain
158.jpg,buildings
1580.jpg,glacier
1581.jpg,mountain
1582.jpg,buildings
1583.jpg,street
1584.jpg,sea
1585.jpg,forest
1586.jpg,mountain
1587.jpg,mountain
1588.jpg,mountain
1589.jpg,forest
159.jpg,mountain
1590.jpg,buildings
1591.jpg,mountain
1592.jpg,street
1593.jpg,sea
1594.jpg,street
1595.jpg,mountain
1596.jpg,glacier
1597.jpg,buildings
1598.jpg,sea
1599.jpg,street
16.jpg,glacier
160.jpg,glacier
1600.jpg,mountain
1601.jpg,buildings
1602.jpg,forest
1603.jpg,mountain
1604.jpg,sea
1605.jpg,street
1606.jpg,sea
1607.jpg,street
1608.jpg,glacier
1609.jpg,sea
161.jpg,sea
1610.jpg,buildings
1611.jpg,street
1612.jpg,street
1613.jpg,sea
1614.jpg,buildings
1615.jpg,forest
1616.jpg,forest
1617.jpg,forest
1618.jpg,glacier
1619.jpg,street
162.jpg,sea
1620.jpg,glacier
1621.jpg,forest
1622.jpg,mountain
1623.jpg,buildings
1624.jpg,glacier
1625.jpg,street
1626.jpg,street
1627.jpg,glacier
1628.jpg,street
1629.jpg,sea
163.jpg,buildings
1630.jpg,street
1631.jpg,glacier
1632.jpg,glacier
1633.jpg,mountain
1634.jpg,glacier
1635.jpg,sea
1636.jpg,street
1637.jpg,sea
1638.jpg,glacier
1639.jpg,forest
164.jpg,forest
1640.jpg,mountain
1641.jpg,sea
1642.jpg,sea
1643.jpg,street
1644.jpg,street
1645.jpg,mountain
1646.jpg,glacier
1647.jpg,buildings
1648.jpg,street
1649.jpg,street
165.jpg,buildings
1650.jpg,buildings
1651.jpg,street
1652.jpg,forest
1653.jpg,sea
1654.jpg,mountain
1655.jpg,sea
1656.jpg,mountain
1657.jpg,sea
1658.jpg,mountain
1659.jpg,buildings
166.jpg,glacier
1660.jpg,forest
1661.jpg,forest
1662.jpg,mountain
1663.jpg,forest
1664.jpg,sea
1665.jpg,forest
1666.jpg,forest
1667.jpg,forest
1668.jpg,buildings
1669.jpg,mountain
167.jpg,street
1670.jpg,glacier
1671.jpg,sea
1672.jpg,mountain
1673.jpg,street
1674.jpg,forest
1675.jpg,mountain
1676.jpg,glacier
1677.jpg,street
1678.jpg,street
1679.jpg,mountain
168.jpg,buildings
1680.jpg,sea
1681.jpg,mountain
1682.jpg,mountain
1683.jpg,street
1684.jpg,street
1685.jpg,sea
1686.jpg,street
1687.jpg,buildings
1688.jpg,buildings
1689.jpg,forest
169.jpg,forest
1690.jpg,street
1691.jpg,sea
1692.jpg,mountain
1693.jpg,street
1694.jpg,forest
1695.jpg,glacier
1696.jpg,buildings
1697.jpg,street
1698.jpg,buildings
1699.jpg,buildings
17.jpg,mountain
170.jpg,buildings
1700.jpg,sea
1701.jpg,street
1702.jpg,mountain
1703.jpg,street
1704.jpg,street
1705.jpg,mountain
1706.jpg,glacier
1707.jpg,street
1708.jpg,mountain
1709.jpg,forest
171.jpg,glacier
1710.jpg,sea
1711.jpg,sea
1712.jpg,mountain
1713.jpg,mountain
1714.jpg,street
1715.jpg,sea
1716.jpg,forest
1717.jpg,mountain
1718.jpg,sea
1719.jpg,mountain
172.jpg,sea
1720.jpg,buildings
1721.jpg,forest
1722.jpg,forest
1723.jpg,mountain
1724.jpg,buildings
1725.jpg,sea
1726.jpg,mountain
1727.jpg,mountain
1728.jpg,forest
1729.jpg,forest
173.jpg,sea
1730.jpg,buildings
1731.jpg,street
1732.jpg,buildings
1733.jpg,street
1734.jpg,street
1735.jpg,forest
1736.jpg,buildings
1737.jpg,mountain
1738.jpg,buildings
1739.jpg,forest
174.jpg,forest
1740.jpg,street
1741.jpg,street
1742.jpg,street
1743.jpg,mountain
1744.jpg,street
1745.jpg,sea
1746.jpg,sea
1747.jpg,sea
1748.jpg,sea
1749.jpg,glacier
175.jpg,glacier
1750.jpg,glacier
1751.jpg,street
1752.jpg,sea
1753.jpg,mountain
1754.jpg,sea
1755.jpg,mountain
1756.jpg,mountain
1757.jpg,sea
1758.jpg,buildings
1759.jpg,street
176.jpg,forest
1760.jpg,buildings
1761.jpg,buildings
1762.jpg,street
1763.jpg,street
1764.jpg,buildings
1765.jpg,sea
1766.jpg,street
1767.jpg,forest
1768.jpg,street
1769.jpg,buildings
177.jpg,street
1770.jpg,street
1771.jpg,glacier
1772.jpg,sea
1773.jpg,glacier
1774.jpg,forest
1775.jpg,buildings
1776.jpg,glacier
1777.jpg,street
1778.jpg,street
1779.jpg,mountain
178.jpg,mountain
1780.jpg,street
1781.jpg,buildings
1782.jpg,glacier
1783.jpg,glacier
1784.jpg,mountain
1785.jpg,buildings
1786.jpg,buildings
1787.jpg,buildings
1788.jpg,sea
1789.jpg,sea
179.jpg,sea
1790.jpg,forest
1791.jpg,glacier
1792.jpg,street
1793.jpg,street
1794.jpg,street
1795.jpg,forest
1796.jpg,street
1797.jpg,sea
1798.jpg,mountain
1799.jpg,glacier
18.jpg,forest
180.jpg,buildings
1800.jpg,forest
1801.jpg,buildings
1802.jpg,sea
1803.jpg,forest
1804.jpg,mountain
1805.jpg,mountain
1806.jpg,forest
1807.jpg,glacier
1808.jpg,mountain
1809.jpg,buildings
181.jpg,street
1810.jpg,glacier
1811.jpg,glacier
1812.jpg,forest
1813.jpg,forest
1814.jpg,mountain
1815.jpg,forest
1816.jpg,mountain
1817.jpg,forest
1818.jpg,sea
1819.jpg,mountain
182.jpg,street
1820.jpg,sea
1821.jpg,forest
1822.jpg,glacier
1823.jpg,street
1824.jpg,street
1825.jpg,sea
1826.jpg,buildings
1827.jpg,buildings
1828.jpg,street
1829.jpg,sea
183.jpg,sea
1830.jpg,sea
1831.jpg,mountain
1832.jpg,street
1833.jpg,sea
1834.jpg,sea
1835.jpg,buildings
1836.jpg,sea
1837.jpg,glacier
1838.jpg,mountain
1839.jpg,glacier
184.jpg,sea
1840.jpg,forest
1841.jpg,sea
1842.jpg,sea
1843.jpg,buildings
1844.jpg,buildings
1845.jpg,street
1846.jpg,glacier
1847.jpg,forest
1848.jpg,street
1849.jpg,buildings
185.jpg,forest
1850.jpg,buildings
1851.jpg,glacier
1852.jpg,forest
1853.jpg,street
1854.jpg,sea
1855.jpg,mountain
1856.jpg,buildings
1857.jpg,glacier
1858.jpg,sea
1859.jpg,street
186.jpg,forest
1860.jpg,mountain
1861.jpg,forest
1862.jpg,mountain
1863.jpg,sea
1864.jpg,sea
1865.jpg,street
1866.jpg,mountain
1867.jpg,buildings
1868.jpg,glacier
1869.jpg,glacier
187.jpg,buildings
1870.jpg,street
1871.jpg,sea
1872.jpg,glacier
1873.jpg,mountain
1874.jpg,forest
1875.jpg,sea
1876.jpg,sea
1877.jpg,forest
1878.jpg,sea
1879.jpg,forest
188.jpg,street
1880.jpg,street
1881.jpg,forest
1882.jpg,street
1883.jpg,mountain
1884.jpg,glacier
1885.jpg,sea
1886.jpg,forest
1887.jpg,street
1888.jpg,glacier
1889.jpg,glacier
189.jpg,sea
1890.jpg,forest
1891.jpg,buildings
1892.jpg,forest
1893.jpg,mountain
1894.jpg,sea
1895.jpg,sea
1896.jpg,forest
1897.jpg,buildings
1898.jpg,street
1899.jpg,forest
19.jpg,buildings
190.jpg,glacier
1900.jpg,street
1901.jpg,glacier
1902.jpg,forest
1903.jpg,buildings
1904.jpg,glacier
1905.jpg,glacier
1906.jpg,street
1907.jpg,buildings
1908.jpg,sea
1909.jpg,forest
191.jpg,street
1910.jpg,sea
1911.jpg,mountain
1912.jpg,mountain
1913.jpg,mountain
1914.jpg,buildings
1915.jpg,forest
1916.jpg,buildings
1917.jpg,street
1918.jpg,street
1919.jpg,forest
192.jpg,glacier
1920.jpg,sea
1921.jpg,sea
1922.jpg,buildings
1923.jpg,glacier
1924.jpg,mountain
1925.jpg,glacier
1926.jpg,mountain
1927.jpg,mountain
1928.jpg,forest
1929.jpg,forest
193.jpg,forest
1930.jpg,street
1931.jpg,sea
1932.jpg,forest
1933.jpg,buildings
1934.jpg,forest
1935.jpg,sea
1936.jpg,forest
1937.jpg,glacier
1938.jpg,street
1939.jpg,sea
194.jpg,forest
1940.jpg,buildings
1941.jpg,forest
1942.jpg,street
1943.jpg,mountain
1944.jpg,mountain
1945.jpg,glacier
1946.jpg,mountain
1947.jpg,sea
1948.jpg,mountain
1949.jpg,forest
195.jpg,street
1950.jpg,forest
1951.jpg,forest
1952.jpg,mountain
1953.jpg,forest
1954.jpg,sea
1955.jpg,glacier
1956.jpg,forest
1957.jpg,mountain
1958.jpg,glacier
1959.jpg,street
196.jpg,street
1960.jpg,mountain
1961.jpg,forest
1962.jpg,buildings
1963.jpg,buildings
1964.jpg,glacier
1965.jpg,glacier
1966.jpg,mountain
1967.jpg,buildings
1968.jpg,forest
1969.jpg,mountain
197.jpg,buildings
1970.jpg,sea
1971.jpg,buildings
1972.jpg,sea
1973.jpg,mountain
1974.jpg,sea
1975.jpg,street
1976.jpg,glacier
1977.jpg,forest
1978.jpg,street
1979.jpg,mountain
198.jpg,sea
1980.jpg,buildings
1981.jpg,street
1982.jpg,forest
1983.jpg,forest
1984.jpg,forest
1985.jpg,glacier
1986.jpg,forest
1987.jpg,sea
1988.jpg,forest
1989.jpg,forest
199.jpg,mountain
1990.jpg,sea
1991.jpg,buildings
1992.jpg,mountain
1993.jpg,street
1994.jpg,mountain
1995.jpg,glacier
1996.jpg,buildings
1997.jpg,street
1998.jpg,forest
1999.jpg,street
2.jpg,mountain
20.jpg,mountain
200.jpg,mountain
2000.jpg,buildings
2001.jpg,street
2002.jpg,street
2003.jpg,buildings
2004.jpg,buildings
2005.jpg,street
2006.jpg,forest
2007.jpg,forest
2008.jpg,glacier
2009.jpg,sea
201.jpg,mountain
2010.jpg,glacier
2011.jpg,buildings
2012.jpg,glacier
2013.jpg,sea
2014.jpg,forest
2015.jpg,mountain
2016.jpg,buildings
2017.jpg,sea
2018.jpg,glacier
2019.jpg,street
202.jpg,sea
2020.jpg,glacier
2021.jpg,mountain
2022.jpg,glacier
2023.jpg,street
2024.jpg,glacier
2025.jpg,street
2026.jpg,mountain
2027.jpg,forest
2028.jpg,glacier
2029.jpg,sea
203.jpg,mountain
2030.jpg,buildings
2031.jpg,forest
2032.jpg,buildings
2033.jpg,sea
2034.jpg,forest
2035.jpg,glacier
2036.jpg,forest
2037.jpg,buildings
2038.jpg,street
2039.jpg,glacier
204.jpg,glacier
2040.jpg,street
2041.jpg,forest
2042.jpg,buildings
2043.jpg,street
2044.jpg,street
2045.jpg,buildings
2046.jpg,forest
2047.jpg,buildings
2048.jpg,glacier
2049.jpg,sea
205.jpg,sea
2050.jpg,forest
2051.jpg,glacier
2052.jpg,buildings
2053.jpg,sea
2054.jpg,street
2055.jpg,sea
2056.jpg,mountain
2057.jpg,street
2058.jpg,forest
2059.jpg,street
206.jpg,street
2060.jpg,glacier
2061.jpg,buildings
2062.jpg,forest
2063.jpg,mountain
2064.jpg,street
2065.jpg,street
2066.jpg,glacier
2067.jpg,forest
2068.jpg,sea
2069.jpg,sea
207.jpg,sea
2070.jpg,forest
2071.jpg,street
2072.jpg,glacier
2073.jpg,street
2074.jpg,forest
2075.jpg,street
2076.jpg,mountain
2077.jpg,mountain
2078.jpg,mountain
2079.jpg,forest
208.jpg,buildings
2080.jpg,mountain
2081.jpg,mountain
2082.jpg,street
2083.jpg,mountain
2084.jpg,street
2085.jpg,mountain
2086.jpg,buildings
2087.jpg,sea
2088.jpg,street
2089.jpg,forest
209.jpg,forest
2090.jpg,sea
2091.jpg,buildings
2092.jpg,glacier
2093.jpg,sea
2094.jpg,glacier
2095.jpg,glacier
2096.jpg,sea
2097.jpg,sea
2098.jpg,buildings
2099.jpg,sea
21.jpg,sea
210.jpg,mountain
2100.jpg,buildings
2101.jpg,street
2102.jpg,buildings
2103.jpg,street
2104.jpg,forest
2105.jpg,forest
2106.jpg,street
2107.jpg,glacier
2108.jpg,forest
2109.jpg,forest
211.jpg,glacier
2110.jpg,street
2111.jpg,glacier
2112.jpg,street
2113.jpg,glacier
2114.jpg,sea
2115.jpg,glacier
2116.jpg,forest
2117.jpg,mountain
2118.jpg,street
2119.jpg,sea
212.jpg,sea
2120.jpg,glacier
2121.jpg,mountain
2122.jpg,glacier
2123.jpg,street
2124.jpg,buildings
2125.jpg,sea
2126.jpg,forest
2127.jpg,mountain
2128.jpg,mountain
2129.jpg,sea
213.jpg,street
2130.jpg,mountain
2131.jpg,street
2132.jpg,glacier
2133.jpg,buildings
2134.jpg,glacier
2135.jpg,street
2136.jpg,forest
2137.jpg,street
2138.jpg,buildings
2139.jpg,mountain
214.jpg,street
2140.jpg,forest
2141.jpg,sea
2142.jpg,buildings
2143.jpg,street
2144.jpg,forest
2145.jpg,street
2146.jpg,mountain
2147.jpg,mountain
2148.jpg,forest
2149.jpg,street
215.jpg,forest
2150.jpg,street
2151.jpg,mountain
2152.jpg,mountain
2153.jpg,street
2154.jpg,glacier
2155.jpg,sea
2156.jpg,sea
2157.jpg,glacier
2158.jpg,buildings
2159.jpg,sea
216.jpg,glacier
2160.jpg,mountain
2161.jpg,sea
2162.jpg,forest
2163.jpg,forest
2164.jpg,forest
2165.jpg,street
2166.jpg,glacier
2167.jpg,mountain
2168.jpg,glacier
2169.jpg,forest
217.jpg,street
2170.jpg,buildings
2171.jpg,mountain
2172.jpg,forest
2173.jpg,mountain
2174.jpg,street
2175.jpg,mountain
2176.jpg,forest
2177.jpg,forest
2178.jpg,mountain
2179.jpg,mountain
218.jpg,mountain
2180.jpg,glacier
2181.jpg,mountain
2182.jpg,forest
2183.jpg,mountain
2184.jpg,mountain
2185.jpg,forest
2186.jpg,sea
2187.jpg,sea
2188.jpg,forest
2189.jpg,forest
219.jpg,buildings
2190.jpg,street
2191.jpg,forest
2192.jpg,glacier
2193.jpg,sea
2194.jpg,mountain
2195.jpg,sea
2196.jpg,glacier
2197.jpg,sea
2198.jpg,glacier
2199.jpg,glacier
22.jpg,glacier
220.jpg,street
2200.jpg,sea
2201.jpg,mountain
2202.jpg,glacier
2203.jpg,buildings
2204.jpg,glacier
2205.jpg,forest
2206.jpg,sea
2207.jpg,sea
2208.jpg,mountain
2209.jpg,glacier
221.jpg,forest
2210.jpg,forest
2211.jpg,sea
2212.jpg,forest
2213.jpg,mountain
2214.jpg,sea
2215.jpg,sea
2216.jpg,buildings
2217.jpg,sea
2218.jpg,mountain
2219.jpg,street
222.jpg,sea
2220.jpg,street
2221.jpg,street
2222.jpg,glacier
2223.jpg,glacier
2224.jpg,street
2225.jpg,buildings
2226.jpg,buildings
2227.jpg,street
2228.jpg,buildings
2229.jpg,mountain
223.jpg,forest
2230.jpg,forest
2231.jpg,buildings
2232.jpg,glacier
2233.jpg,forest
2234.jpg,mountain
2235.jpg,forest
2236.jpg,mountain
2237.jpg,forest
2238.jpg,street
2239.jpg,buildings
224.jpg,glacier
2240.jpg,glacier
2241.jpg,sea
2242.jpg,sea
2243.jpg,sea
2244.jpg,mountain
2245.jpg,street
2246.jpg,sea
2247.jpg,buildings
2248.jpg,street
2249.jpg,glacier
225.jpg,street
2250.jpg,street
2251.jpg,mountain
2252.jpg,mountain
2253.jpg,forest
2254.jpg,glacier
2255.jpg,buildings
2256.jpg,street
2257.jpg,glacier
2258.jpg,forest
2259.jpg,buildings
226.jpg,forest
2260.jpg,forest
2261.jpg,forest
2262.jpg,glacier
2263.jpg,forest
2264.jpg,street
2265.jpg,glacier
2266.jpg,glacier
2267.jpg,glacier
2268.jpg,glacier
2269.jpg,glacier
227.jpg,forest
2270.jpg,street
2271.jpg,mountain
2272.jpg,sea
2273.jpg,glacier
2274.jpg,forest
2275.jpg,sea
2276.jpg,forest
2277.jpg,street
2278.jpg,buildings
2279.jpg,forest
228.jpg,forest
2280.jpg,sea
2281.jpg,mountain
2282.jpg,mountain
2283.jpg,sea
2284.jpg,mountain
2285.jpg,glacier
2286.jpg,buildings
2287.jpg,glacier
2288.jpg,glacier
2289.jpg,glacier
229.jpg,forest
2290.jpg,street
2291.jpg,forest
2292.jpg,street
2293.jpg,street
2294.jpg,buildings
2295.jpg,forest
2296.jpg,mountain
2297.jpg,glacier
2298.jpg,street
2299.jpg,mountain
23.jpg,buildings
230.jpg,sea
2300.jpg,glacier
2301.jpg,sea
2302.jpg,glacier
2303.jpg,buildings
2304.jpg,mountain
2305.jpg,street
2306.jpg,glacier
2307.jpg,street
2308.jpg,forest
2309.jpg,forest
231.jpg,mountain
2310.jpg,mountain
2311.jpg,mountain
2312.jpg,glacier
2313.jpg,street
2314.jpg,street
2315.jpg,forest
2316.jpg,forest
2317.jpg,mountain
2318.jpg,glacier
2319.jpg,glacier
232.jpg,glacier
2320.jpg,mountain
2321.jpg,mountain
2322.jpg,sea
2323.jpg,sea
2324.jpg,mountain
2325.jpg,street
2326.jpg,sea
2327.jpg,mountain
2328.jpg,mountain
2329.jpg,street
233.jpg,glacier
2330.jpg,forest
2331.jpg,sea
2332.jpg,forest
2333.jpg,forest
2334.jpg,mountain
2335.jpg,mountain
2336.jpg,mountain
2337.jpg,mountain
2338.jpg,sea
2339.jpg,mountain
234.jpg,glacier
2340.jpg,buildings
2341.jpg,buildings
2342.jpg,street
2343.jpg,street
2344.jpg,forest
2345.jpg,sea
2346.jpg,sea
2347.jpg,street
2348.jpg,forest
2349.jpg,buildings
235.jpg,street
2350.jpg,glacier
2351.jpg,sea
2352.jpg,sea
2353.jpg,mountain
2354.jpg,mountain
2355.jpg,sea
2356.jpg,forest
2357.jpg,sea
2358.jpg,buildings
2359.jpg,glacier
236.jpg,buildings
2360.jpg,mountain
2361.jpg,glacier
2362.jpg,sea
2363.jpg,forest
2364.jpg,glacier
2365.jpg,glacier
2366.jpg,buildings
2367.jpg,buildings
2368.jpg,glacier
2369.jpg,glacier
237.jpg,mountain
2370.jpg,glacier
2371.jpg,buildings
2372.jpg,sea
2373.jpg,buildings
2374.jpg,mountain
2375.jpg,street
2376.jpg,mountain
2377.jpg,sea
2378.jpg,buildings
2379.jpg,glacier
238.jpg,glacier
2380.jpg,glacier
2381.jpg,street
2382.jpg,mountain
2383.jpg,sea
2384.jpg,street
2385.jpg,glacier
2386.jpg,street
2387.jpg,mountain
2388.jpg,buildings
2389.jpg,buildings
239.jpg,forest
2390.jpg,sea
2391.jpg,street
2392.jpg,street
2393.jpg,street
2394.jpg,mountain
2395.jpg,mountain
2396.jpg,mountain
2397.jpg,forest
2398.jpg,sea
2399.jpg,glacier
24.jpg,street
240.jpg,street
2400.jpg,buildings
2401.jpg,street
2402.jpg,street
2403.jpg,sea
2404.jpg,sea
2405.jpg,buildings
2406.jpg,sea
2407.jpg,street
2408.jpg,glacier
2409.jpg,forest
241.jpg,street
2410.jpg,buildings
2411.jpg,forest
2412.jpg,street
2413.jpg,forest
2414.jpg,mountain
2415.jpg,street
2416.jpg,sea
2417.jpg,street
2418.jpg,buildings
2419.jpg,mountain
242.jpg,sea
2420.jpg,street
2421.jpg,forest
2422.jpg,sea
2423.jpg,street
2424.jpg,sea
2425.jpg,sea
2426.jpg,buildings
2427.jpg,glacier
2428.jpg,buildings
2429.jpg,buildings
243.jpg,forest
2430.jpg,street
2431.jpg,mountain
2432.jpg,buildings
2433.jpg,forest
2434.jpg,sea
2435.jpg,buildings
2436.jpg,sea
2437.jpg,forest
2438.jpg,sea
2439.jpg,buildings
244.jpg,forest
2440.jpg,glacier
2441.jpg,street
2442.jpg,mountain
2443.jpg,forest
2444.jpg,sea
2445.jpg,forest
2446.jpg,sea
2447.jpg,forest
2448.jpg,street
2449.jpg,buildings
245.jpg,glacier
2450.jpg,forest
2451.jpg,glacier
2452.jpg,glacier
2453.jpg,forest
2454.jpg,sea
2455.jpg,glacier
2456.jpg,sea
2457.jpg,sea
2458.jpg,mountain
2459.jpg,street
246.jpg,street
2460.jpg,forest
2461.jpg,street
2462.jpg,street
2463.jpg,forest
2464.jpg,glacier
2465.jpg,mountain
2466.jpg,street
2467.jpg,buildings
2468.jpg,forest
2469.jpg,forest
247.jpg,street
2470.jpg,sea
2471.jpg,buildings
2472.jpg,sea
2473.jpg,mountain
2474.jpg,mountain
2475.jpg,glacier
2476.jpg,mountain
2477.jpg,glacier
2478.jpg,glacier
2479.jpg,mountain
248.jpg,street
2480.jpg,mountain
2481.jpg,glacier
2482.jpg,glacier
2483.jpg,glacier
2484.jpg,glacier
2485.jpg,street
2486.jpg,forest
2487.jpg,glacier
2488.jpg,sea
2489.jpg,mountain
249.jpg,mountain
2490.jpg,buildings
2491.jpg,mountain
2492.jpg,buildings
2493.jpg,buildings
2494.jpg,buildings
2495.jpg,mountain
2496.jpg,glacier
2497.jpg,sea
2498.jpg,mountain
2499.jpg,street
25.jpg,glacier
250.jpg,street
2500.jpg,mountain
2501.jpg,sea
2502.jpg,street
2503.jpg,street
2504.jpg,sea
2505.jpg,street
2506.jpg,buildings
2507.jpg,sea
2508.jpg,mountain
2509.jpg,buildings
251.jpg,mountain
2510.jpg,mountain
2511.jpg,glacier
2512.jpg,glacier
2513.jpg,sea
2514.jpg,buildings
2515.jpg,forest
2516.jpg,forest
2517.jpg,mountain
2518.jpg,forest
2519.jpg,sea
252.jpg,glacier
2520.jpg,glacier
2521.jpg,glacier
2522.jpg,buildings
2523.jpg,forest
2524.jpg,buildings
2525.jpg,buildings
2526.jpg,mountain
2527.jpg,mountain
2528.jpg,glacier
2529.jpg,street
253.jpg,buildings
2530.jpg,mountain
2531.jpg,mountain
2532.jpg,street
2533.jpg,street
2534.jpg,mountain
2535.jpg,mountain
2536.jpg,mountain
2537.jpg,sea
2538.jpg,mountain
2539.jpg,street
254.jpg,glacier
2540.jpg,street
2541.jpg,glacier
2542.jpg,glacier
2543.jpg,mountain
2544.jpg,mountain
2545.jpg,buildings
2546.jpg,glacier
2547.jpg,glacier
2548.jpg,mountain
2549.jpg,forest
255.jpg,forest
2550.jpg,buildings
2551.jpg,buildings
2552.jpg,forest
2553.jpg,street
2554.jpg,forest
2555.jpg,forest
2556.jpg,forest
2557.jpg,buildings
2558.jpg,glacier
2559.jpg,forest
256.jpg,buildings
2560.jpg,glacier
2561.jpg,forest
2562.jpg,forest
2563.jpg,glacier
2564.jpg,buildings
2565.jpg,buildings
2566.jpg,street
2567.jpg,glacier
2568.jpg,street
2569.jpg,sea
257.jpg,glacier
2570.jpg,glacier
2571.jpg,mountain
2572.jpg,glacier
2573.jpg,sea
2574.jpg,sea
2575.jpg,sea
2576.jpg,forest
2577.jpg,forest
2578.jpg,glacier
2579.jpg,sea
258.jpg,forest
2580.jpg,sea
2581.jpg,buildings
2582.jpg,glacier
2583.jpg,buildings
2584.jpg,street
2585.jpg,street
2586.jpg,street
2587.jpg,street
2588.jpg,sea
2589.jpg,glacier
259.jpg,sea
2590.jpg,forest
2591.jpg,mountain
2592.jpg,mountain
2593.jpg,buildings
2594.jpg,glacier
2595.jpg,mountain
2596.jpg,glacier
2597.jpg,sea
2598.jpg,glacier
2599.jpg,glacier
26.jpg,mountain
260.jpg,glacier
2600.jpg,mountain
2601.jpg,buildings
2602.jpg,buildings
2603.jpg,forest
2604.jpg,sea
2605.jpg,sea
2606.jpg,mountain
2607.jpg,street
2608.jpg,mountain
2609.jpg,sea
261.jpg,street
2610.jpg,sea
2611.jpg,glacier
2612.jpg,buildings
2613.jpg,sea
2614.jpg,forest
2615.jpg,mountain
2616.jpg,street
2617.jpg,mountain
2618.jpg,glacier
2619.jpg,glacier
262.jpg,forest
2620.jpg,sea
2621.jpg,street
2622.jpg,sea
2623.jpg,street
2624.jpg,buildings
2625.jpg,mountain
2626.jpg,sea
2627.jpg,glacier
2628.jpg,glacier
2629.jpg,sea
263.jpg,buildings
2630.jpg,glacier
2631.jpg,glacier
2632.jpg,forest
2633.jpg,glacier
2634.jpg,mountain
2635.jpg,street
2636.jpg,sea
2637.jpg,mountain
2638.jpg,sea
2639.jpg,glacier
264.jpg,mountain
2640.jpg,glacier
2641.jpg,sea
2642.jpg,sea
2643.jpg,glacier
2644.jpg,glacier
2645.jpg,mountain
2646.jpg,street
2647.jpg,street
2648.jpg,buildings
2649.jpg,forest
265.jpg,sea
2650.jpg,street
2651.jpg,mountain
2652.jpg,street
2653.jpg,mountain
2654.jpg,mountain
2655.jpg,buildings
2656.jpg,sea
2657.jpg,street
2658.jpg,street
2659.jpg,sea
266.jpg,street
2660.jpg,buildings
2661.jpg,sea
2662.jpg,glacier
2663.jpg,glacier
2664.jpg,glacier
2665.jpg,buildings
2666.jpg,glacier
2667.jpg,forest
2668.jpg,glacier
2669.jpg,buildings
267.jpg,street
2670.jpg,sea
2671.jpg,buildings
2672.jpg,sea
2673.jpg,sea
2674.jpg,street
2675.jpg,mountain
2676.jpg,glacier
2677.jpg,street
2678.jpg,glacier
2679.jpg,glacier
268.jpg,buildings
2680.jpg,buildings
2681.jpg,forest
2682.jpg,street
2683.jpg,sea
2684.jpg,forest
2685.jpg,glacier
2686.jpg,forest
2687.jpg,sea
2688.jpg,forest
2689.jpg,buildings
269.jpg,mountain
2690.jpg,sea
2691.jpg,street
2692.jpg,sea
2693.jpg,buildings
2694.jpg,buildings
2695.jpg,forest
2696.jpg,mountain
2697.jpg,forest
2698.jpg,sea
2699.jpg,mountain
27.jpg,mountain
270.jpg,street
2700.jpg,street
2701.jpg,buildings
2702.jpg,buildings
2703.jpg,sea
2704.jpg,mountain
2705.jpg,street
2706.jpg,street
2707.jpg,mountain
2708.jpg,forest
2709.jpg,street
271.jpg,mountain
2710.jpg,forest
2711.jpg,sea
2712.jpg,street
2713.jpg,mountain
2714.jpg,street
2715.jpg,mountain
2716.jpg,mountain
2717.jpg,street
2718.jpg,glacier
2719.jpg,mountain
272.jpg,sea
2720.jpg,forest
2721.jpg,glacier
2722.jpg,glacier
2723.jpg,glacier
2724.jpg,glacier
2725.jpg,buildings
2726.jpg,buildings
2727.jpg,forest
2728.jpg,sea
2729.jpg,glacier
273.jpg,mountain
2730.jpg,street
2731.jpg,mountain
2732.jpg,forest
2733.jpg,street
2734.jpg,forest
2735.jpg,mountain
2736.jpg,buildings
2737.jpg,sea
2738.jpg,glacier
2739.jpg,sea
274.jpg,street
2740.jpg,forest
2741.jpg,buildings
2742.jpg,sea
2743.jpg,forest
2744.jpg,sea
2745.jpg,buildings
2746.jpg,buildings
2747.jpg,buildings
2748.jpg,sea
2749.jpg,glacier
275.jpg,mountain
2750.jpg,forest
2751.jpg,glacier
2752.jpg,buildings
2753.jpg,mountain
2754.jpg,glacier
2755.jpg,sea
2756.jpg,buildings
2757.jpg,glacier
2758.jpg,forest
2759.jpg,buildings
276.jpg,mountain
2760.jpg,mountain
2761.jpg,mountain
2762.jpg,mountain
2763.jpg,glacier
2764.jpg,street
2765.jpg,glacier
2766.jpg,street
2767.jpg,buildings
2768.jpg,street
2769.jpg,forest
277.jpg,sea
2770.jpg,forest
2771.jpg,glacier
2772.jpg,forest
2773.jpg,glacier
2774.jpg,mountain
2775.jpg,forest
2776.jpg,sea
2777.jpg,mountain
2778.jpg,street
2779.jpg,mountain
278.jpg,mountain
2780.jpg,glacier
2781.jpg,glacier
2782.jpg,mountain
2783.jpg,buildings
2784.jpg,forest
2785.jpg,buildings
2786.jpg,street
2787.jpg,glacier
2788.jpg,sea
2789.jpg,street
279.jpg,buildings
2790.jpg,sea
2791.jpg,street
2792.jpg,buildings
2793.jpg,mountain
2794.jpg,mountain
2795.jpg,sea
2796.jpg,buildings
2797.jpg,street
2798.jpg,buildings
2799.jpg,sea
28.jpg,street
280.jpg,street
2800.jpg,forest
2801.jpg,forest
2802.jpg,sea
2803.jpg,street
2804.jpg,sea
2805.jpg,sea
2806.jpg,street
2807.jpg,street
2808.jpg,forest
2809.jpg,buildings
281.jpg,forest
2810.jpg,glacier
2811.jpg,glacier
2812.jpg,mountain
2813.jpg,glacier
2814.jpg,mountain
2815.jpg,mountain
2816.jpg,forest
2817.jpg,mountain
2818.jpg,street
2819.jpg,sea
282.jpg,street
2820.jpg,buildings
2821.jpg,mountain
2822.jpg,sea
2823.jpg,forest
2824.jpg,glacier
2825.jpg,sea
2826.jpg,street
2827.jpg,buildings
2828.jpg,glacier
2829.jpg,forest
283.jpg,glacier
2830.jpg,sea
2831.jpg,mountain
2832.jpg,buildings
2833.jpg,mountain
2834.jpg,forest
2835.jpg,buildings
2836.jpg,street
2837.jpg,forest
2838.jpg,street
2839.jpg,forest
284.jpg,street
2840.jpg,street
2841.jpg,sea
2842.jpg,forest
2843.jpg,sea
2844.jpg,forest
2845.jpg,glacier
2846.jpg,street
2847.jpg,street
2848.jpg,buildings
2849.jpg,buildings
285.jpg,buildings
2850.jpg,sea
2851.jpg,street
2852.jpg,sea
2853.jpg,sea
2854.jpg,glacier
2855.jpg,glacier
2856.jpg,buildings
2857.jpg,street
2858.jpg,street
2859.jpg,glacier
286.jpg,buildings
2860.jpg,forest
2861.jpg,mountain
2862.jpg,buildings
2863.jpg,street
2864.jpg,forest
2865.jpg,forest
2866.jpg,sea
2867.jpg,street
2868.jpg,mountain
2869.jpg,buildings
287.jpg,buildings
2870.jpg,mountain
2871.jpg,mountain
2872.jpg,street
2873.jpg,forest
2874.jpg,forest
2875.jpg,mountain
2876.jpg,street
2877.jpg,glacier
2878.jpg,street
2879.jpg,glacier
288.jpg,glacier
2880.jpg,mountain
2881.jpg,street
2882.jpg,mountain
2883.jpg,buildings
2884.jpg,mountain
2885.jpg,street
2886.jpg,glacier
2887.jpg,glacier
2888.jpg,street
2889.jpg,mountain
289.jpg,sea
2890.jpg,forest
2891.jpg,mountain
2892.jpg,buildings
2893.jpg,sea
2894.jpg,street
2895.jpg,street
2896.jpg,sea
2897.jpg,buildings
2898.jpg,forest
2899.jpg,buildings
29.jpg,sea
290.jpg,mountain
2900.jpg,sea
2901.jpg,buildings
2902.jpg,mountain
2903.jpg,forest
2904.jpg,buildings
2905.jpg,glacier
2906.jpg,buildings
2907.jpg,glacier
2908.jpg,buildings
2909.jpg,glacier
291.jpg,forest
2910.jpg,mountain
2911.jpg,sea
2912.jpg,forest
2913.jpg,mountain
2914.jpg,glacier
2915.jpg,street
2916.jpg,street
2917.jpg,forest
2918.jpg,mountain
2919.jpg,sea
292.jpg,buildings
2920.jpg,mountain
2921.jpg,sea
2922.jpg,sea
2923.jpg,glacier
2924.jpg,glacier
2925.jpg,mountain
2926.jpg,buildings
2927.jpg,street
2928.jpg,street
2929.jpg,street
293.jpg,street
2930.jpg,glacier
2931.jpg,glacier
2932.jpg,street
2933.jpg,sea
2934.jpg,glacier
2935.jpg,street
2936.jpg,forest
2937.jpg,forest
2938.jpg,sea
2939.jpg,glacier
294.jpg,glacier
2940.jpg,street
2941.jpg,glacier
2942.jpg,glacier
2943.jpg,street
2944.jpg,mountain
2945.jpg,buildings
2946.jpg,buildings
2947.jpg,sea
2948.jpg,mountain
2949.jpg,sea
295.jpg,glacier
2950.jpg,forest
2951.jpg,forest
2952.jpg,sea
2953.jpg,street
2954.jpg,street
2955.jpg,mountain
2956.jpg,sea
2957.jpg,street
2958.jpg,glacier
2959.jpg,glacier
296.jpg,forest
2960.jpg,forest
2961.jpg,glacier
2962.jpg,street
2963.jpg,buildings
2964.jpg,street
2965.jpg,glacier
2966.jpg,glacier
2967.jpg,glacier
2968.jpg,forest
2969.jpg,mountain
297.jpg,mountain
2970.jpg,glacier
2971.jpg,street
2972.jpg,sea
2973.jpg,buildings
2974.jpg,buildings
2975.jpg,buildings
2976.jpg,forest
2977.jpg,glacier
2978.jpg,street
2979.jpg,mountain
298.jpg,mountain
2980.jpg,mountain
2981.jpg,street
2982.jpg,forest
2983.jpg,sea
2984.jpg,forest
2985.jpg,glacier
2986.jpg,forest
2987.jpg,buildings
2988.jpg,glacier
2989.jpg,forest
299.jpg,forest
2990.jpg,mountain
2991.jpg,forest
2992.jpg,forest
2993.jpg,sea
2994.jpg,sea
2995.jpg,mountain
2996.jpg,mountain
2997.jpg,glacier
2998.jpg,sea
2999.jpg,mountain
3.jpg,glacier
30.jpg,forest
300.jpg,sea
3000.jpg,sea
301.jpg,buildings
302.jpg,mountain
303.jpg,street
304.jpg,mountain
305.jpg,sea
306.jpg,forest
307.jpg,buildings
308.jpg,sea
309.jpg,glacier
31.jpg,sea
310.jpg,forest
311.jpg,street
312.jpg,street
313.jpg,glacier
314.jpg,buildings
315.jpg,forest
316.jpg,forest
317.jpg,street
318.jpg,buildings
319.jpg,buildings
32.jpg,sea
320.jpg,forest
321.jpg,buildings
322.jpg,glacier
323.jpg,sea
324.jpg,forest
325.jpg,buildings
326.jpg,sea
327.jpg,mountain
328.jpg,sea
329.jpg,buildings
33.jpg,street
330.jpg,sea
331.jpg,buildings
332.jpg,street
333.jpg,mountain
334.jpg,glacier
335.jpg,glacier
336.jpg,buildings
337.jpg,mountain
338.jpg,street
339.jpg,glacier
34.jpg,forest
340.jpg,sea
341.jpg,buildings
342.jpg,sea
343.jpg,forest
344.jpg,mountain
345.jpg,street
346.jpg,sea
347.jpg,forest
348.jpg,sea
349.jpg,sea
35.jpg,street
350.jpg,street
351.jpg,glacier
352.jpg,mountain
353.jpg,forest
354.jpg,sea
355.jpg,street
356.jpg,sea
357.jpg,sea
358.jpg,mountain
359.jpg,sea
36.jpg,mountain
360.jpg,buildings
361.jpg,buildings
362.jpg,street
363.jpg,sea
364.jpg,street
365.jpg,sea
366.jpg,sea
367.jpg,mountain
368.jpg,sea
369.jpg,glacier
37.jpg,sea
370.jpg,buildings
371.jpg,buildings
372.jpg,mountain
373.jpg,glacier
374.jpg,mountain
375.jpg,sea
376.jpg,street
377.jpg,forest
378.jpg,street
379.jpg,street
38.jpg,sea
380.jpg,buildings
381.jpg,forest
382.jpg,sea
383.jpg,glacier
384.jpg,buildings
385.jpg,sea
386.jpg,street
387.jpg,mountain
388.jpg,glacier
389.jpg,street
39.jpg,mountain
390.jpg,street
391.jpg,street
392.jpg,glacier
393.jpg,glacier
394.jpg,forest
395.jpg,glacier
396.jpg,buildings
397.jpg,glacier
398.jpg,buildings
399.jpg,mountain
4.jpg,buildings
40.jpg,sea
400.jpg,sea
401.jpg,forest
402.jpg,street
403.jpg,buildings
404.jpg,sea
405.jpg,sea
406.jpg,forest
407.jpg,forest
408.jpg,street
409.jpg,mountain
41.jpg,street
410.jpg,street
411.jpg,mountain
412.jpg,mountain
413.jpg,street
414.jpg,mountain
415.jpg,buildings
416.jpg,forest
417.jpg,street
418.jpg,buildings
419.jpg,mountain
42.jpg,sea
420.jpg,mountain
421.jpg,glacier
422.jpg,forest
423.jpg,street
424.jpg,mountain
425.jpg,buildings
426.jpg,forest
427.jpg,glacier
428.jpg,glacier
429.jpg,street
43.jpg,glacier
430.jpg,mountain
431.jpg,sea
432.jpg,sea
433.jpg,mountain
434.jpg,sea
435.jpg,street
436.jpg,sea
437.jpg,forest
438.jpg,buildings
439.jpg,sea
44.jpg,glacier
440.jpg,buildings
441.jpg,street
442.jpg,buildings
443.jpg,glacier
444.jpg,forest
445.jpg,glacier
446.jpg,glacier
447.jpg,street
448.jpg,street
449.jpg,forest
45.jpg,street
450.jpg,mountain
451.jpg,street
452.jpg,glacier
453.jpg,sea
454.jpg,forest
455.jpg,buildings
456.jpg,forest
457.jpg,sea
458.jpg,mountain
459.jpg,buildings
46.jpg,glacier
460.jpg,forest
461.jpg,street
462.jpg,street
463.jpg,buildings
464.jpg,forest
465.jpg,sea
466.jpg,mountain
467.jpg,street
468.jpg,mountain
469.jpg,glacier
47.jpg,forest
470.jpg,glacier
471.jpg,street
472.jpg,buildings
473.jpg,forest
474.jpg,sea
475.jpg,forest
476.jpg,glacier
477.jpg,mountain
478.jpg,forest
479.jpg,street
48.jpg,sea
480.jpg,sea
481.jpg,glacier
482.jpg,street
483.jpg,glacier
484.jpg,glacier
485.jpg,glacier
486.jpg,glacier
487.jpg,sea
488.jpg,glacier
489.jpg,sea
49.jpg,forest
490.jpg,glacier
491.jpg,mountain
492.jpg,street
493.jpg,mountain
494.jpg,glacier
495.jpg,mountain
496.jpg,sea
497.jpg,forest
498.jpg,sea
499.jpg,glacier
5.jpg,mountain
50.jpg,sea
500.jpg,mountain
501.jpg,sea
502.jpg,buildings
503.jpg,forest
504.jpg,buildings
505.jpg,forest
506.jpg,mountain
507.jpg,sea
508.jpg,forest
509.jpg,forest
51.jpg,mountain
510.jpg,sea
511.jpg,street
512.jpg,sea
513.jpg,street
514.jpg,buildings
515.jpg,sea
516.jpg,forest
517.jpg,mountain
518.jpg,glacier
519.jpg,street
52.jpg,forest
520.jpg,buildings
521.jpg,glacier
522.jpg,forest
523.jpg,street
524.jpg,street
525.jpg,sea
526.jpg,buildings
527.jpg,street
528.jpg,mountain
529.jpg,mountain
53.jpg,sea
530.jpg,buildings
531.jpg,sea
532.jpg,forest
533.jpg,street
534.jpg,street
535.jpg,forest
536.jpg,forest
537.jpg,buildings
538.jpg,buildings
539.jpg,street
54.jpg,street
540.jpg,glacier
541.jpg,forest
542.jpg,street
543.jpg,buildings
544.jpg,buildings
545.jpg,sea
546.jpg,forest
547.jpg,mountain
548.jpg,mountain
549.jpg,sea
55.jpg,mountain
550.jpg,sea
551.jpg,street
552.jpg,glacier
553.jpg,mountain
554.jpg,buildings
555.jpg,glacier
556.jpg,glacier
557.jpg,buildings
558.jpg,forest
559.jpg,street
56.jpg,buildings
560.jpg,buildings
561.jpg,mountain
562.jpg,glacier
563.jpg,buildings
564.jpg,glacier
565.jpg,forest
566.jpg,glacier
567.jpg,sea
568.jpg,street
569.jpg,street
57.jpg,sea
570.jpg,sea
571.jpg,buildings
572.jpg,buildings
573.jpg,sea
574.jpg,mountain
575.jpg,glacier
576.jpg,sea
577.jpg,street
578.jpg,sea
579.jpg,street
58.jpg,mountain
580.jpg,sea
581.jpg,street
582.jpg,forest
583.jpg,glacier
584.jpg,sea
585.jpg,street
586.jpg,street
587.jpg,street
588.jpg,buildings
589.jpg,mountain
59.jpg,buildings
590.jpg,buildings
591.jpg,buildings
592.jpg,forest
593.jpg,glacier
594.jpg,mountain
595.jpg,sea
596.jpg,mountain
597.jpg,sea
598.jpg,street
599.jpg,sea
6.jpg,glacier
60.jpg,sea
600.jpg,street
601.jpg,buildings
602.jpg,mountain
603.jpg,glacier
604.jpg,mountain
605.jpg,glacier
606.jpg,buildings
607.jpg,mountain
608.jpg,street
609.jpg,glacier
61.jpg,mountain
610.jpg,forest
611.jpg,street
612.jpg,mountain
613.jpg,street
614.jpg,mountain
615.jpg,glacier
616.jpg,sea
617.jpg,street
618.jpg,glacier
619.jpg,sea
62.jpg,glacier
620.jpg,sea
621.jpg,glacier
622.jpg,sea
623.jpg,sea
624.jpg,forest
625.jpg,forest
626.jpg,street
627.jpg,forest
628.jpg,sea
629.jpg,street
63.jpg,mountain
630.jpg,forest
631.jpg,glacier
632.jpg,street
633.jpg,street
634.jpg,street
635.jpg,buildings
636.jpg,buildings
637.jpg,sea
638.jpg,mountain
639.jpg,forest
64.jpg,street
640.jpg,street
641.jpg,mountain
642.jpg,sea
643.jpg,sea
644.jpg,sea
645.jpg,forest
646.jpg,glacier
647.jpg,sea
648.jpg,mountain
649.jpg,forest
65.jpg,forest
650.jpg,glacier
651.jpg,glacier
652.jpg,mountain
653.jpg,glacier
654.jpg,forest
655.jpg,sea
656.jpg,buildings
657.jpg,sea
658.jpg,buildings
659.jpg,sea
66.jpg,sea
660.jpg,forest
661.jpg,buildings
662.jpg,sea
663.jpg,mountain
664.jpg,buildings
665.jpg,glacier
666.jpg,glacier
667.jpg,mountain
668.jpg,street
669.jpg,mountain
67.jpg,street
670.jpg,glacier
671.jpg,street
672.jpg,glacier
673.jpg,forest
674.jpg,buildings
675.jpg,buildings
676.jpg,mountain
677.jpg,sea
678.jpg,forest
679.jpg,sea
68.jpg,glacier
680.jpg,mountain
681.jpg,glacier
682.jpg,forest
683.jpg,sea
684.jpg,street
685.jpg,mountain
686.jpg,glacier
687.jpg,glacier
688.jpg,street
689.jpg,sea
69.jpg,mountain
690.jpg,forest
691.jpg,forest
692.jpg,street
693.jpg,mountain
694.jpg,glacier
695.jpg,sea
696.jpg,glacier
697.jpg,street
698.jpg,sea
699.jpg,glacier
7.jpg,street
70.jpg,street
700.jpg,buildings
701.jpg,sea
702.jpg,glacier
703.jpg,glacier
704.jpg,forest
705.jpg,glacier
706.jpg,sea
707.jpg,mountain
708.jpg,glacier
709.jpg,sea
71.jpg,buildings
710.jpg,mountain
711.jpg,mountain
712.jpg,forest
713.jpg,street
714.jpg,forest
715.jpg,forest
716.jpg,street
717.jpg,sea
718.jpg,sea
719.jpg,forest
72.jpg,forest
720.jpg,forest
721.jpg,buildings
722.jpg,mountain
723.jpg,glacier
724.jpg,glacier
725.jpg,sea
726.jpg,street
727.jpg,street
728.jpg,forest
729.jpg,forest
73.jpg,mountain
730.jpg,sea
731.jpg,sea
732.jpg,glacier
733.jpg,sea
734.jpg,mountain
735.jpg,glacier
736.jpg,forest
737.jpg,glacier
738.jpg,street
739.jpg,mountain
74.jpg,buildings
740.jpg,forest
741.jpg,buildings
742.jpg,glacier
743.jpg,buildings
744.jpg,forest
745.jpg,street
746.jpg,buildings
747.jpg,street
748.jpg,buildings
749.jpg,glacier
75.jpg,mountain
750.jpg,mountain
751.jpg,sea
752.jpg,forest
753.jpg,glacier
754.jpg,forest
755.jpg,street
756.jpg,street
757.jpg,street
758.jpg,sea
759.jpg,mountain
76.jpg,sea
760.jpg,street
761.jpg,glacier
762.jpg,forest
763.jpg,forest
764.jpg,street
765.jpg,mountain
766.jpg,buildings
767.jpg,buildings
768.jpg,glacier
769.jpg,sea
77.jpg,mountain
770.jpg,street
771.jpg,forest
772.jpg,glacier
773.jpg,forest
774.jpg,mountain
775.jpg,forest
776.jpg,street
777.jpg,street
778.jpg,street
779.jpg,buildings
78.jpg,street
780.jpg,forest
781.jpg,sea
782.jpg,glacier
783.jpg,mountain
784.jpg,buildings
785.jpg,mountain
786.jpg,street
787.jpg,sea
788.jpg,buildings
789.jpg,buildings
79.jpg,glacier
790.jpg,sea
791.jpg,street
792.jpg,buildings
793.jpg,mountain
794.jpg,street
795.jpg,mountain
796.jpg,forest
797.jpg,forest
798.jpg,buildings
799.jpg,sea
8.jpg,buildings
80.jpg,street
800.jpg,glacier
801.jpg,buildings
802.jpg,forest
803.jpg,street
804.jpg,mountain
805.jpg,street
806.jpg,sea
807.jpg,mountain
808.jpg,forest
809.jpg,glacier
81.jpg,sea
810.jpg,glacier
811.jpg,sea
812.jpg,sea
813.jpg,buildings
814.jpg,sea
815.jpg,street
816.jpg,sea
817.jpg,street
818.jpg,street
819.jpg,glacier
82.jpg,glacier
820.jpg,mountain
821.jpg,street
822.jpg,mountain
823.jpg,forest
824.jpg,sea
825.jpg,mountain
826.jpg,buildings
827.jpg,sea
828.jpg,sea
829.jpg,buildings
83.jpg,mountain
830.jpg,sea
831.jpg,mountain
832.jpg,mountain
833.jpg,mountain
834.jpg,glacier
835.jpg,street
836.jpg,forest
837.jpg,forest
838.jpg,sea
839.jpg,mountain
84.jpg,glacier
840.jpg,forest
841.jpg,glacier
842.jpg,sea
843.jpg,mountain
844.jpg,sea
845.jpg,street
846.jpg,glacier
847.jpg,street
848.jpg,forest
849.jpg,buildings
85.jpg,buildings
850.jpg,sea
851.jpg,sea
852.jpg,mountain
853.jpg,sea
854.jpg,mountain
855.jpg,mountain
856.jpg,sea
857.jpg,glacier
858.jpg,forest
859.jpg,sea
86.jpg,buildings
860.jpg,mountain
861.jpg,glacier
862.jpg,glacier
863.jpg,mountain
864.jpg,buildings
865.jpg,street
866.jpg,street
867.jpg,mountain
868.jpg,glacier
869.jpg,street
87.jpg,sea
870.jpg,mountain
871.jpg,street
872.jpg,buildings
873.jpg,sea
874.jpg,street
875.jpg,mountain
876.jpg,mountain
877.jpg,street
878.jpg,street
879.jpg,forest
88.jpg,forest
880.jpg,street
881.jpg,mountain
882.jpg,mountain
883.jpg,street
884.jpg,sea
885.jpg,glacier
886.jpg,mountain
887.jpg,mountain
888.jpg,glacier
889.jpg,buildings
89.jpg,sea
890.jpg,buildings
891.jpg,forest
892.jpg,buildings
893.jpg,sea
894.jpg,buildings
895.jpg,forest
896.jpg,street
897.jpg,street
898.jpg,mountain
899.jpg,mountain
9.jpg,forest
90.jpg,street
900.jpg,buildings
901.jpg,sea
902.jpg,forest
903.jpg,mountain
904.jpg,street
905.jpg,street
906.jpg,sea
907.jpg,street
908.jpg,glacier
909.jpg,glacier
91.jpg,street
910.jpg,street
911.jpg,forest
912.jpg,buildings
913.jpg,street
914.jpg,sea
915.jpg,mountain
916.jpg,mountain
917.jpg,forest
918.jpg,glacier
919.jpg,street
92.jpg,sea
920.jpg,mountain
921.jpg,glacier
922.jpg,mountain
923.jpg,glacier
924.jpg,buildings
925.jpg,street
926.jpg,mountain
927.jpg,glacier
928.jpg,mountain
929.jpg,mountain
93.jpg,sea
930.jpg,sea
931.jpg,buildings
932.jpg,street
933.jpg,forest
934.jpg,sea
935.jpg,street
936.jpg,buildings
937.jpg,glacier
938.jpg,buildings
939.jpg,glacier
94.jpg,mountain
940.jpg,sea
941.jpg,mountain
942.jpg,sea
943.jpg,mountain
944.jpg,mountain
945.jpg,sea
946.jpg,street
947.jpg,street
948.jpg,street
949.jpg,forest
95.jpg,sea
950.jpg,street
951.jpg,sea
952.jpg,sea
953.jpg,buildings
954.jpg,buildings
955.jpg,mountain
956.jpg,sea
957.jpg,glacier
958.jpg,mountain
959.jpg,sea
96.jpg,forest
960.jpg,glacier
961.jpg,buildings
962.jpg,mountain
963.jpg,mountain
964.jpg,street
965.jpg,forest
966.jpg,glacier
967.jpg,forest
968.jpg,forest
969.jpg,glacier
97.jpg,mountain
970.jpg,mountain
971.jpg,forest
972.jpg,forest
973.jpg,glacier
974.jpg,forest
975.jpg,street
976.jpg,glacier
977.jpg,street
978.jpg,mountain
979.jpg,buildings
98.jpg,glacier
980.jpg,street
981.jpg,buildings
982.jpg,glacier
983.jpg,sea
984.jpg,sea
985.jpg,glacier
986.jpg,buildings
987.jpg,mountain
988.jpg,sea
989.jpg,forest
99.jpg,mountain
990.jpg,street
991.jpg,mountain
992.jpg,glacier
993.jpg,street
994.jpg,forest
995.jpg,mountain
996.jpg,sea
997.jpg,sea
998.jpg,sea
999.jpg,buildings
